mon sep 30 06:29:00,1469
mon sep 30 06:30:00,1518
mon sep 30 06:31:00,1452
mon sep 30 06:32:00,1487
mon sep 30 06:33:00,1416
mon sep 30 06:34:00,1482
mon sep 30 06:35:00,1510
mon sep 30 06:36:00,1507
mon sep 30 06:37:00,1484
mon sep 30 06:38:00,1436
mon sep 30 06:39:00,1362
mon sep 30 06:40:00,1402
mon sep 30 06:41:00,1461
mon sep 30 06:42:00,1373
mon sep 30 06:43:00,1384
mon sep 30 06:44:00,1474
mon sep 30 06:45:00,1400
mon sep 30 06:46:00,1374
mon sep 30 06:47:00,1391
mon sep 30 06:48:00,1422
mon sep 30 06:49:00,1447
mon sep 30 06:50:00,1389
mon sep 30 06:51:00,1374
mon sep 30 06:52:00,1430
mon sep 30 06:53:00,1282
mon sep 30 06:54:00,1457
mon sep 30 06:55:00,1397
mon sep 30 06:56:00,1377
mon sep 30 06:57:00,1404
mon sep 30 06:58:00,1395
mon sep 30 06:59:00,1469
mon sep 30 07:00:00,1668
mon sep 30 07:01:00,1609
mon sep 30 07:02:00,1544
mon sep 30 07:03:00,1531
mon sep 30 07:04:00,1472
mon sep 30 07:05:00,1458
mon sep 30 07:06:00,1530
mon sep 30 07:07:00,1398
mon sep 30 07:08:00,1456
mon sep 30 07:09:00,1353
mon sep 30 07:10:00,1503
mon sep 30 07:11:00,1475
mon sep 30 07:12:00,1480
mon sep 30 07:13:00,1437
mon sep 30 07:14:00,1450
mon sep 30 07:15:00,1446
mon sep 30 07:16:00,1451
mon sep 30 07:17:00,1484
mon sep 30 07:18:00,1372
mon sep 30 07:19:00,1480
mon sep 30 07:20:00,1353
mon sep 30 07:21:00,1394
mon sep 30 07:22:00,1449
mon sep 30 07:23:00,1438
mon sep 30 07:24:00,1376
mon sep 30 07:25:00,1427
mon sep 30 07:26:00,1388
mon sep 30 07:27:00,1410
mon sep 30 07:28:00,1412
mon sep 30 07:29:00,1355
mon sep 30 07:30:00,1454
mon sep 30 07:31:00,1416
mon sep 30 07:32:00,1455
mon sep 30 07:33:00,1360
mon sep 30 07:34:00,1375
mon sep 30 07:35:00,1359
mon sep 30 07:36:00,1434
mon sep 30 07:37:00,1437
mon sep 30 07:38:00,1394
mon sep 30 07:39:00,1414
mon sep 30 07:40:00,1402
mon sep 30 07:41:00,1385
mon sep 30 07:42:00,1450
mon sep 30 07:43:00,1329
mon sep 30 07:44:00,1448
mon sep 30 07:45:00,1416
mon sep 30 07:46:00,1390
mon sep 30 07:47:00,1375
mon sep 30 07:48:00,1377
mon sep 30 07:49:00,1431
mon sep 30 07:50:00,1390
mon sep 30 07:51:00,1461
mon sep 30 07:52:00,1441
mon sep 30 07:53:00,1412
mon sep 30 07:54:00,1405
mon sep 30 07:55:00,1439
mon sep 30 07:56:00,1382
mon sep 30 07:57:00,1346
mon sep 30 07:58:00,1428
mon sep 30 07:59:00,1420
mon sep 30 08:00:00,1608
mon sep 30 08:01:00,1424
mon sep 30 08:02:00,1495
mon sep 30 08:03:00,1388
mon sep 30 08:04:00,1454
mon sep 30 08:05:00,1510
mon sep 30 08:06:00,1413
mon sep 30 08:07:00,1493
mon sep 30 08:08:00,1487
mon sep 30 08:09:00,1496
mon sep 30 08:10:00,1465
mon sep 30 08:11:00,1454
mon sep 30 08:12:00,1448
mon sep 30 08:13:00,1408
mon sep 30 08:14:00,1444
mon sep 30 08:15:00,1448
mon sep 30 08:16:00,1454
mon sep 30 08:17:00,1448
mon sep 30 08:18:00,1446
mon sep 30 08:19:00,1471
mon sep 30 08:20:00,1429
mon sep 30 08:21:00,1465
mon sep 30 08:22:00,1479
mon sep 30 08:23:00,1457
mon sep 30 08:24:00,1414
mon sep 30 08:25:00,1464
mon sep 30 08:26:00,1444
mon sep 30 08:27:00,1457
mon sep 30 08:28:00,1524
mon sep 30 08:29:00,1474
mon sep 30 08:30:00,1525
mon sep 30 08:31:00,1501
mon sep 30 08:32:00,1489
mon sep 30 08:33:00,1519
mon sep 30 08:34:00,1449
mon sep 30 08:35:00,1422
mon sep 30 08:36:00,1441
mon sep 30 08:37:00,1514
mon sep 30 08:38:00,1486
mon sep 30 08:39:00,1517
mon sep 30 08:40:00,1499
mon sep 30 08:41:00,1696
mon sep 30 08:42:00,1618
mon sep 30 08:43:00,1619
mon sep 30 08:44:00,1522
mon sep 30 08:45:00,1576
mon sep 30 08:46:00,1477
mon sep 30 08:47:00,1504
mon sep 30 08:48:00,1478
mon sep 30 08:49:00,1538
mon sep 30 08:50:00,1494
mon sep 30 08:51:00,1550
mon sep 30 08:52:00,1524
mon sep 30 08:53:00,1525
mon sep 30 08:54:00,1524
mon sep 30 08:55:00,1559
mon sep 30 08:56:00,1560
mon sep 30 08:57:00,1581
mon sep 30 08:58:00,1485
mon sep 30 08:59:00,1619
mon sep 30 09:00:00,1846
mon sep 30 09:01:00,1596
mon sep 30 09:02:00,1615
mon sep 30 09:03:00,1575
mon sep 30 09:04:00,1668
mon sep 30 09:05:00,1622
mon sep 30 09:06:00,1616
mon sep 30 09:07:00,1625
mon sep 30 09:08:00,1608
mon sep 30 09:09:00,1653
mon sep 30 09:10:00,1673
mon sep 30 09:11:00,1645
mon sep 30 09:12:00,1634
mon sep 30 09:13:00,1621
mon sep 30 09:14:00,1611
mon sep 30 09:15:00,1620
mon sep 30 09:16:00,1645
mon sep 30 09:17:00,1586
mon sep 30 09:18:00,1633
mon sep 30 09:19:00,1707
mon sep 30 09:20:00,1710
mon sep 30 09:21:00,1669
mon sep 30 09:22:00,1641
mon sep 30 09:23:00,1694
mon sep 30 09:24:00,1684
mon sep 30 09:25:00,1709
mon sep 30 09:26:00,1659
mon sep 30 09:27:00,1593
mon sep 30 09:28:00,1714
mon sep 30 09:29:00,1630
mon sep 30 09:30:00,1770
mon sep 30 09:31:00,1729
mon sep 30 09:32:00,1715
mon sep 30 09:33:00,1720
mon sep 30 09:34:00,1694
mon sep 30 09:35:00,1735
mon sep 30 09:36:00,1671
mon sep 30 09:37:00,1720
mon sep 30 09:38:00,1757
mon sep 30 09:39:00,1654
mon sep 30 09:40:00,1769
mon sep 30 09:41:00,1658
mon sep 30 09:42:00,1727
mon sep 30 09:43:00,1719
mon sep 30 09:44:00,1749
mon sep 30 09:45:00,1757
mon sep 30 09:46:00,1765
mon sep 30 09:47:00,1844
mon sep 30 09:48:00,1826
mon sep 30 09:49:00,1751
mon sep 30 09:50:00,1799
mon sep 30 09:51:00,1790
mon sep 30 09:52:00,1842
mon sep 30 09:53:00,1780
mon sep 30 09:54:00,1777
mon sep 30 09:55:00,1774
mon sep 30 09:56:00,1761
mon sep 30 09:57:00,1725
mon sep 30 09:58:00,1764
mon sep 30 09:59:00,1776
mon sep 30 10:00:00,2132
mon sep 30 10:01:00,2030
mon sep 30 10:02:00,1825
mon sep 30 10:03:00,1862
mon sep 30 10:04:00,1801
mon sep 30 10:05:00,1908
mon sep 30 10:06:00,1819
mon sep 30 10:07:00,1885
mon sep 30 10:08:00,1836
mon sep 30 10:09:00,1841
mon sep 30 10:10:00,1949
mon sep 30 10:11:00,1894
mon sep 30 10:12:00,1928
mon sep 30 10:13:00,1978
mon sep 30 10:14:00,1904
mon sep 30 10:15:00,1896
mon sep 30 10:16:00,1849
mon sep 30 10:17:00,1857
mon sep 30 10:18:00,1829
mon sep 30 10:19:00,1946
mon sep 30 10:20:00,1913
mon sep 30 10:21:00,1879
mon sep 30 10:22:00,1886
mon sep 30 10:23:00,1864
mon sep 30 10:24:00,2245
mon sep 30 10:25:00,2084
mon sep 30 10:26:00,2007
mon sep 30 10:27:00,2022
mon sep 30 10:28:00,2015
mon sep 30 10:29:00,1989
mon sep 30 10:30:00,2171
mon sep 30 10:31:00,2095
mon sep 30 10:32:00,2115
mon sep 30 10:33:00,1967
mon sep 30 10:34:00,2013
mon sep 30 10:35:00,1956
mon sep 30 10:36:00,1947
mon sep 30 10:37:00,2012
mon sep 30 10:38:00,2031
mon sep 30 10:39:00,1961
mon sep 30 10:40:00,2055
mon sep 30 10:41:00,1988
mon sep 30 10:42:00,2024
mon sep 30 10:43:00,1998
mon sep 30 10:44:00,1958
mon sep 30 10:45:00,2000
mon sep 30 10:46:00,2093
mon sep 30 10:47:00,1944
mon sep 30 10:48:00,2031
mon sep 30 10:49:00,2002
mon sep 30 10:50:00,2047
mon sep 30 10:51:00,2057
mon sep 30 10:52:00,2057
mon sep 30 10:53:00,2020
mon sep 30 10:54:00,2077
mon sep 30 10:55:00,2005
mon sep 30 10:56:00,2006
mon sep 30 10:57:00,1991
mon sep 30 10:58:00,2060
mon sep 30 10:59:00,2094
mon sep 30 11:00:00,2361
mon sep 30 11:01:00,2137
mon sep 30 11:02:00,2160
mon sep 30 11:03:00,2173
mon sep 30 11:04:00,2100
mon sep 30 11:05:00,2080
mon sep 30 11:06:00,2068
mon sep 30 11:07:00,2056
mon sep 30 11:08:00,2097
mon sep 30 11:09:00,2109
mon sep 30 11:10:00,2044
mon sep 30 11:11:00,2122
mon sep 30 11:12:00,2171
mon sep 30 11:13:00,2113
mon sep 30 11:14:00,2122
mon sep 30 11:15:00,2267
mon sep 30 11:16:00,2153
mon sep 30 11:17:00,2181
mon sep 30 11:18:00,2110
mon sep 30 11:19:00,2146
mon sep 30 11:20:00,2168
mon sep 30 11:21:00,2139
mon sep 30 11:22:00,2128
mon sep 30 11:23:00,2186
mon sep 30 11:24:00,2160
mon sep 30 11:25:00,2066
mon sep 30 11:26:00,2214
mon sep 30 11:27:00,2210
mon sep 30 11:28:00,2120
mon sep 30 11:29:00,2160
mon sep 30 11:30:00,2451
mon sep 30 11:31:00,2229
mon sep 30 11:32:00,2335
mon sep 30 11:33:00,2257
mon sep 30 11:34:00,2101
mon sep 30 11:35:00,2324
mon sep 30 11:36:00,2219
mon sep 30 11:37:00,2195
mon sep 30 11:38:00,2246
mon sep 30 11:39:00,2301
mon sep 30 11:40:00,2272
mon sep 30 11:41:00,2267
mon sep 30 11:42:00,2207
mon sep 30 11:43:00,2287
mon sep 30 11:44:00,2249
mon sep 30 11:45:00,2270
mon sep 30 11:46:00,2225
mon sep 30 11:47:00,2236
mon sep 30 11:48:00,2262
mon sep 30 11:49:00,2361
mon sep 30 11:50:00,2234
mon sep 30 11:51:00,2235
mon sep 30 11:52:00,2328
mon sep 30 11:53:00,2238
mon sep 30 11:54:00,2304
mon sep 30 11:55:00,2287
mon sep 30 11:56:00,2320
mon sep 30 11:57:00,2308
mon sep 30 11:58:00,2387
mon sep 30 11:59:00,2330
mon sep 30 12:00:00,2713
mon sep 30 12:01:00,2486
mon sep 30 12:02:00,2433
mon sep 30 12:03:00,2372
mon sep 30 12:04:00,2360
mon sep 30 12:05:00,2365
mon sep 30 12:06:00,2090
mon sep 30 12:07:00,2498
mon sep 30 12:08:00,2492
mon sep 30 12:09:00,2378
mon sep 30 12:10:00,2445
mon sep 30 12:11:00,2358
mon sep 30 12:12:00,2337
mon sep 30 12:13:00,2383
mon sep 30 12:14:00,2473
mon sep 30 12:15:00,2376
mon sep 30 12:16:00,2405
mon sep 30 12:17:00,2391
mon sep 30 12:18:00,2390
mon sep 30 12:19:00,2383
mon sep 30 12:20:00,2309
mon sep 30 12:21:00,2444
mon sep 30 12:22:00,2396
mon sep 30 12:23:00,2413
mon sep 30 12:24:00,2432
mon sep 30 12:25:00,2374
mon sep 30 12:26:00,2325
mon sep 30 12:27:00,2396
mon sep 30 12:28:00,2499
mon sep 30 12:29:00,2299
mon sep 30 12:30:00,2636
mon sep 30 12:31:00,2589
mon sep 30 12:32:00,2447
mon sep 30 12:33:00,2434
mon sep 30 12:34:00,2380
mon sep 30 12:35:00,2541
mon sep 30 12:36:00,2481
mon sep 30 12:37:00,2433
mon sep 30 12:38:00,2530
mon sep 30 12:39:00,2477
mon sep 30 12:40:00,2630
mon sep 30 12:41:00,2452
mon sep 30 12:42:00,2466
mon sep 30 12:43:00,2531
mon sep 30 12:44:00,2541
mon sep 30 12:45:00,2500
mon sep 30 12:46:00,2451
mon sep 30 12:47:00,2539
mon sep 30 12:48:00,2530
mon sep 30 12:49:00,2447
mon sep 30 12:50:00,2568
mon sep 30 12:51:00,2456
mon sep 30 12:52:00,2524
mon sep 30 12:53:00,2561
mon sep 30 12:54:00,2515
mon sep 30 12:55:00,2569
mon sep 30 12:56:00,2545
mon sep 30 12:57:00,2508
mon sep 30 12:58:00,2495
mon sep 30 12:59:00,2534
mon sep 30 13:00:00,2978
mon sep 30 13:01:00,2774
mon sep 30 13:02:00,2672
mon sep 30 13:03:00,2649
mon sep 30 13:04:00,2641
mon sep 30 13:05:00,2636
mon sep 30 13:06:00,2628
mon sep 30 13:07:00,2674
mon sep 30 13:08:00,2477
mon sep 30 13:09:00,2611
mon sep 30 13:10:00,2671
mon sep 30 13:11:00,2551
mon sep 30 13:12:00,2657
mon sep 30 13:13:00,2635
mon sep 30 13:14:00,2507
mon sep 30 13:15:00,2585
mon sep 30 13:16:00,2485
mon sep 30 13:17:00,2604
mon sep 30 13:18:00,2697
mon sep 30 13:19:00,2532
mon sep 30 13:20:00,2642
mon sep 30 13:21:00,2618
mon sep 30 13:22:00,2624
mon sep 30 13:23:00,2581
mon sep 30 13:24:00,2574
mon sep 30 13:25:00,2605
mon sep 30 13:26:00,2576
mon sep 30 13:27:00,2691
mon sep 30 13:28:00,2655
mon sep 30 13:29:00,2539
mon sep 30 13:30:00,2716
mon sep 30 13:31:00,2681
mon sep 30 13:32:00,2680
mon sep 30 13:33:00,2622
mon sep 30 13:34:00,2653
mon sep 30 13:35:00,2694
mon sep 30 13:36:00,2638
mon sep 30 13:37:00,2636
mon sep 30 13:38:00,2538
mon sep 30 13:39:00,2578
mon sep 30 13:40:00,2642
mon sep 30 13:41:00,2636
mon sep 30 13:42:00,2633
mon sep 30 13:43:00,2663
mon sep 30 13:44:00,2557
mon sep 30 13:45:00,2687
mon sep 30 13:46:00,2659
mon sep 30 13:47:00,2626
mon sep 30 13:48:00,2676
mon sep 30 13:49:00,2624
mon sep 30 13:50:00,2658
mon sep 30 13:51:00,2617
mon sep 30 13:52:00,2699
mon sep 30 13:53:00,2611
mon sep 30 13:54:00,2646
mon sep 30 13:55:00,2636
mon sep 30 13:56:00,2741
mon sep 30 13:57:00,2667
mon sep 30 13:58:00,2659
mon sep 30 13:59:00,2686
mon sep 30 14:00:00,2954
mon sep 30 14:01:00,2773
mon sep 30 14:02:00,2817
mon sep 30 14:03:00,2708
mon sep 30 14:04:00,2667
mon sep 30 14:05:00,2772
mon sep 30 14:06:00,2763
mon sep 30 14:07:00,2627
mon sep 30 14:08:00,2772
mon sep 30 14:09:00,2854
mon sep 30 14:10:00,2640
mon sep 30 14:11:00,2752
mon sep 30 14:12:00,2651
mon sep 30 14:13:00,2703
mon sep 30 14:14:00,2703
mon sep 30 14:15:00,2747
mon sep 30 14:16:00,2556
mon sep 30 14:17:00,2732
mon sep 30 14:18:00,2612
mon sep 30 14:19:00,2605
mon sep 30 14:20:00,2726
mon sep 30 14:21:00,2684
mon sep 30 14:22:00,2661
mon sep 30 14:23:00,2694
mon sep 30 14:24:00,2634
mon sep 30 14:25:00,2664
mon sep 30 14:26:00,2733
mon sep 30 14:27:00,2723
mon sep 30 14:28:00,2629
mon sep 30 14:29:00,2694
mon sep 30 14:30:00,2861
mon sep 30 14:31:00,2803
mon sep 30 14:32:00,2772
mon sep 30 14:33:00,2720
mon sep 30 14:34:00,2728
mon sep 30 14:35:00,2714
mon sep 30 14:36:00,2632
mon sep 30 14:37:00,2709
mon sep 30 14:38:00,2717
mon sep 30 14:39:00,2687
mon sep 30 14:40:00,2730
mon sep 30 14:41:00,2728
mon sep 30 14:42:00,2624
mon sep 30 14:43:00,2660
mon sep 30 14:44:00,2675
mon sep 30 14:45:00,2724
mon sep 30 14:46:00,2711
mon sep 30 14:47:00,2751
mon sep 30 14:48:00,2693
mon sep 30 14:49:00,2647
mon sep 30 14:50:00,2714
mon sep 30 14:51:00,2613
mon sep 30 14:52:00,2745
mon sep 30 14:53:00,2701
mon sep 30 14:54:00,2728
mon sep 30 14:55:00,2695
mon sep 30 14:56:00,2667
mon sep 30 14:57:00,2782
mon sep 30 14:58:00,2650
mon sep 30 14:59:00,2672
mon sep 30 15:00:00,3222
mon sep 30 15:01:00,3349
mon sep 30 15:02:00,3194
mon sep 30 15:03:00,2949
mon sep 30 15:04:00,3023
mon sep 30 15:05:00,3090
mon sep 30 15:06:00,2960
mon sep 30 15:07:00,2930
mon sep 30 15:08:00,2930
mon sep 30 15:09:00,2885
mon sep 30 15:10:00,2993
mon sep 30 15:11:00,3050
mon sep 30 15:12:00,2956
mon sep 30 15:13:00,2866
mon sep 30 15:14:00,2830
mon sep 30 15:15:00,3006
mon sep 30 15:16:00,2844
mon sep 30 15:17:00,2905
mon sep 30 15:18:00,2935
mon sep 30 15:19:00,2728
mon sep 30 15:20:00,2844
mon sep 30 15:21:00,2889
mon sep 30 15:22:00,2797
mon sep 30 15:23:00,2808
mon sep 30 15:24:00,2802
mon sep 30 15:25:00,2766
mon sep 30 15:26:00,2720
mon sep 30 15:27:00,2740
mon sep 30 15:28:00,2750
mon sep 30 15:29:00,2796
mon sep 30 15:30:00,2853
mon sep 30 15:31:00,2670
mon sep 30 15:32:00,2773
mon sep 30 15:33:00,2671
mon sep 30 15:34:00,2621
mon sep 30 15:35:00,2734
mon sep 30 15:36:00,2644
mon sep 30 15:37:00,2635
mon sep 30 15:38:00,2673
mon sep 30 15:39:00,2745
mon sep 30 15:40:00,2641
mon sep 30 15:41:00,2597
mon sep 30 15:42:00,2643
mon sep 30 15:43:00,2637
mon sep 30 15:44:00,2707
mon sep 30 15:45:00,2787
mon sep 30 15:46:00,2654
mon sep 30 15:47:00,2596
mon sep 30 15:48:00,2563
mon sep 30 15:49:00,2733
mon sep 30 15:50:00,2754
mon sep 30 15:51:00,2540
mon sep 30 15:52:00,2641
mon sep 30 15:53:00,2538
mon sep 30 15:54:00,2622
mon sep 30 15:55:00,2566
mon sep 30 15:56:00,2551
mon sep 30 15:57:00,2418
mon sep 30 15:58:00,2592
mon sep 30 15:59:00,2538
mon sep 30 16:00:00,2871
mon sep 30 16:01:00,2768
mon sep 30 16:02:00,2678
mon sep 30 16:03:00,2625
mon sep 30 16:04:00,2645
mon sep 30 16:05:00,2668
mon sep 30 16:06:00,2572
mon sep 30 16:07:00,2516
mon sep 30 16:08:00,2560
mon sep 30 16:09:00,2623
mon sep 30 16:10:00,2578
mon sep 30 16:11:00,2509
mon sep 30 16:12:00,2593
mon sep 30 16:13:00,2605
mon sep 30 16:14:00,2640
mon sep 30 16:15:00,2641
mon sep 30 16:16:00,2607
mon sep 30 16:17:00,2606
mon sep 30 16:18:00,2484
mon sep 30 16:19:00,2494
mon sep 30 16:20:00,2594
mon sep 30 16:21:00,2499
mon sep 30 16:22:00,2476
mon sep 30 16:23:00,2445
mon sep 30 16:24:00,2605
mon sep 30 16:25:00,2534
mon sep 30 16:26:00,2449
mon sep 30 16:27:00,2497
mon sep 30 16:28:00,2486
mon sep 30 16:29:00,2386
mon sep 30 16:30:00,2632
mon sep 30 16:31:00,2547
mon sep 30 16:32:00,2526
mon sep 30 16:33:00,2450
mon sep 30 16:34:00,2434
mon sep 30 16:35:00,2458
mon sep 30 16:36:00,2499
mon sep 30 16:37:00,2543
mon sep 30 16:38:00,2419
mon sep 30 16:39:00,2361
mon sep 30 16:40:00,2454
mon sep 30 16:41:00,2408
mon sep 30 16:42:00,2428
mon sep 30 16:43:00,2345
mon sep 30 16:44:00,2400
mon sep 30 16:45:00,2416
mon sep 30 16:46:00,2439
mon sep 30 16:47:00,2407
mon sep 30 16:48:00,2424
mon sep 30 16:49:00,2310
mon sep 30 16:50:00,2399
mon sep 30 16:51:00,2293
mon sep 30 16:52:00,2324
mon sep 30 16:53:00,2319
mon sep 30 16:54:00,2265
mon sep 30 16:55:00,2300
mon sep 30 16:56:00,2284
mon sep 30 16:57:00,2317
mon sep 30 16:58:00,2382
mon sep 30 16:59:00,2204
mon sep 30 17:00:00,2578
mon sep 30 17:01:00,2456
mon sep 30 17:02:00,2269
mon sep 30 17:03:00,2242
mon sep 30 17:04:00,2137
mon sep 30 17:05:00,2251
mon sep 30 17:06:00,2233
mon sep 30 17:07:00,2143
mon sep 30 17:08:00,2229
mon sep 30 17:09:00,2174
mon sep 30 17:10:00,2229
mon sep 30 17:11:00,2228
mon sep 30 17:12:00,2225
mon sep 30 17:13:00,2209
mon sep 30 17:14:00,2220
mon sep 30 17:15:00,2259
mon sep 30 17:16:00,2298
mon sep 30 17:17:00,2200
mon sep 30 17:18:00,2300
mon sep 30 17:19:00,2288
mon sep 30 17:20:00,2325
mon sep 30 17:21:00,2221
mon sep 30 17:22:00,2220
mon sep 30 17:23:00,2281
mon sep 30 17:24:00,2236
mon sep 30 17:25:00,2206
mon sep 30 17:26:00,2220
mon sep 30 17:27:00,2185
mon sep 30 17:28:00,2290
mon sep 30 17:29:00,2346
mon sep 30 17:30:00,2325
mon sep 30 17:31:00,2328
mon sep 30 17:32:00,2252
mon sep 30 17:33:00,2190
mon sep 30 17:34:00,2194
mon sep 30 17:35:00,2204
mon sep 30 17:36:00,2185
mon sep 30 17:37:00,2089
mon sep 30 17:38:00,2226
mon sep 30 17:39:00,2172
mon sep 30 17:40:00,2172
mon sep 30 17:41:00,2170
mon sep 30 17:42:00,2155
mon sep 30 17:43:00,2215
mon sep 30 17:44:00,2250
mon sep 30 17:45:00,2267
mon sep 30 17:46:00,2158
mon sep 30 17:47:00,2155
mon sep 30 17:48:00,2135
mon sep 30 17:49:00,2071
mon sep 30 17:50:00,2117
mon sep 30 17:51:00,2137
mon sep 30 17:52:00,2104
mon sep 30 17:53:00,2162
mon sep 30 17:54:00,2148
mon sep 30 17:55:00,2145
mon sep 30 17:56:00,2220
mon sep 30 17:57:00,2165
mon sep 30 17:58:00,2162
mon sep 30 17:59:00,2210
mon sep 30 18:00:00,2349
mon sep 30 18:01:00,2180
mon sep 30 18:02:00,2159
mon sep 30 18:03:00,2173
mon sep 30 18:04:00,2192
mon sep 30 18:05:00,2176
mon sep 30 18:06:00,2071
mon sep 30 18:07:00,2011
mon sep 30 18:08:00,2190
mon sep 30 18:09:00,2064
mon sep 30 18:10:00,2162
mon sep 30 18:11:00,2101
mon sep 30 18:12:00,2076
mon sep 30 18:13:00,2139
mon sep 30 18:14:00,2095
mon sep 30 18:15:00,2132
mon sep 30 18:16:00,2081
mon sep 30 18:17:00,2119
mon sep 30 18:18:00,2159
mon sep 30 18:19:00,2144
mon sep 30 18:20:00,2110
mon sep 30 18:21:00,2130
mon sep 30 18:22:00,2065
mon sep 30 18:23:00,2190
mon sep 30 18:24:00,2106
mon sep 30 18:25:00,2138
mon sep 30 18:26:00,2133
mon sep 30 18:27:00,2103
mon sep 30 18:28:00,2060
mon sep 30 18:29:00,2159
mon sep 30 18:30:00,2141
mon sep 30 18:31:00,2192
mon sep 30 18:32:00,2160
mon sep 30 18:33:00,2095
mon sep 30 18:34:00,2010
mon sep 30 18:35:00,2140
mon sep 30 18:36:00,2100
mon sep 30 18:37:00,2148
mon sep 30 18:38:00,2098
mon sep 30 18:39:00,2011
mon sep 30 18:40:00,2032
mon sep 30 18:41:00,2085
mon sep 30 18:42:00,2154
mon sep 30 18:43:00,2022
mon sep 30 18:44:00,2059
mon sep 30 18:45:00,2094
mon sep 30 18:46:00,2042
mon sep 30 18:47:00,2047
mon sep 30 18:48:00,2053
mon sep 30 18:49:00,2072
mon sep 30 18:50:00,2017
mon sep 30 18:51:00,2041
mon sep 30 18:52:00,2018
mon sep 30 18:53:00,2037
mon sep 30 18:54:00,1987
mon sep 30 18:55:00,2054
mon sep 30 18:56:00,2069
mon sep 30 18:57:00,2081
mon sep 30 18:58:00,2092
mon sep 30 18:59:00,2109
mon sep 30 19:00:00,2348
mon sep 30 19:01:00,2131
mon sep 30 19:02:00,1992
mon sep 30 19:03:00,2132
mon sep 30 19:04:00,2073
mon sep 30 19:05:00,2094
mon sep 30 19:06:00,2083
mon sep 30 19:07:00,2062
mon sep 30 19:08:00,2065
mon sep 30 19:09:00,1952
mon sep 30 19:10:00,2085
mon sep 30 19:11:00,1995
mon sep 30 19:12:00,2044
mon sep 30 19:13:00,2079
mon sep 30 19:14:00,2104
mon sep 30 19:15:00,2042
mon sep 30 19:16:00,2006
mon sep 30 19:17:00,1982
mon sep 30 19:18:00,1964
mon sep 30 19:19:00,1920
mon sep 30 19:20:00,2042
mon sep 30 19:21:00,1989
mon sep 30 19:22:00,2014
mon sep 30 19:23:00,2029
mon sep 30 19:24:00,1959
mon sep 30 19:25:00,2015
mon sep 30 19:26:00,1962
mon sep 30 19:27:00,1961
mon sep 30 19:28:00,1993
mon sep 30 19:29:00,2038
mon sep 30 19:30:00,2058
mon sep 30 19:31:00,2072
mon sep 30 19:32:00,1987
mon sep 30 19:33:00,2037
mon sep 30 19:34:00,1992
mon sep 30 19:35:00,2073
mon sep 30 19:36:00,2068
mon sep 30 19:37:00,2042
mon sep 30 19:38:00,2035
mon sep 30 19:39:00,1975
mon sep 30 19:40:00,2018
mon sep 30 19:41:00,2084
mon sep 30 19:42:00,2014
mon sep 30 19:43:00,2049
mon sep 30 19:44:00,2081
mon sep 30 19:45:00,2100
mon sep 30 19:46:00,2107
mon sep 30 19:47:00,2017
mon sep 30 19:48:00,2125
mon sep 30 19:49:00,2145
mon sep 30 19:50:00,2087
mon sep 30 19:51:00,2079
mon sep 30 19:52:00,2125
mon sep 30 19:53:00,2053
mon sep 30 19:54:00,2114
mon sep 30 19:55:00,2093
mon sep 30 19:56:00,2106
mon sep 30 19:57:00,2117
mon sep 30 19:58:00,2021
mon sep 30 19:59:00,2018
mon sep 30 20:00:00,2285
mon sep 30 20:01:00,2148
mon sep 30 20:02:00,2025
mon sep 30 20:03:00,1978
mon sep 30 20:04:00,2033
mon sep 30 20:05:00,2037
mon sep 30 20:06:00,1963
mon sep 30 20:07:00,1987
mon sep 30 20:08:00,2036
mon sep 30 20:09:00,1965
mon sep 30 20:10:00,2059
mon sep 30 20:11:00,1991
mon sep 30 20:12:00,2055
mon sep 30 20:13:00,2064
mon sep 30 20:14:00,1997
mon sep 30 20:15:00,2072
mon sep 30 20:16:00,2078
mon sep 30 20:17:00,2116
mon sep 30 20:18:00,2074
mon sep 30 20:19:00,1937
mon sep 30 20:20:00,2070
mon sep 30 20:21:00,2102
mon sep 30 20:22:00,2081
mon sep 30 20:23:00,2087
mon sep 30 20:24:00,2038
mon sep 30 20:25:00,2035
mon sep 30 20:26:00,2028
mon sep 30 20:27:00,2010
mon sep 30 20:28:00,2071
mon sep 30 20:29:00,2055
mon sep 30 20:30:00,2005
mon sep 30 20:31:00,1414
mon sep 30 20:32:00,1766
mon sep 30 20:33:00,1883
mon sep 30 20:34:00,1944
mon sep 30 20:35:00,1980
mon sep 30 20:36:00,2051
mon sep 30 20:37:00,2084
mon sep 30 20:38:00,2034
mon sep 30 20:39:00,2024
mon sep 30 20:40:00,1226
mon sep 30 20:41:00,2038
mon sep 30 20:42:00,2054
mon sep 30 20:43:00,1954
mon sep 30 20:44:00,2022
mon sep 30 20:45:00,2008
mon sep 30 20:46:00,2039
mon sep 30 20:47:00,2108
mon sep 30 20:48:00,2062
mon sep 30 20:49:00,2036
mon sep 30 20:50:00,2133
mon sep 30 20:51:00,2063
mon sep 30 20:52:00,2085
mon sep 30 20:53:00,2211
mon sep 30 20:54:00,2197
mon sep 30 20:55:00,2078
mon sep 30 20:56:00,2214
mon sep 30 20:57:00,2101
mon sep 30 20:58:00,2089
mon sep 30 20:59:00,2139
mon sep 30 21:00:00,2270
mon sep 30 21:01:00,2159
mon sep 30 21:02:00,2047
mon sep 30 21:03:00,2023
mon sep 30 21:04:00,2233
mon sep 30 21:05:00,2004
mon sep 30 21:06:00,2120
mon sep 30 21:07:00,2104
mon sep 30 21:08:00,2087
mon sep 30 21:09:00,2069
mon sep 30 21:10:00,2093
mon sep 30 21:11:00,2116
mon sep 30 21:12:00,1964
mon sep 30 21:13:00,2081
mon sep 30 21:14:00,2065
mon sep 30 21:15:00,2092
mon sep 30 21:16:00,2130
mon sep 30 21:17:00,2087
mon sep 30 21:18:00,2052
mon sep 30 21:19:00,2093
mon sep 30 21:20:00,2051
mon sep 30 21:21:00,2137
mon sep 30 21:22:00,2016
mon sep 30 21:23:00,2056
mon sep 30 21:24:00,2055
mon sep 30 21:25:00,2014
mon sep 30 21:26:00,2002
mon sep 30 21:27:00,1985
mon sep 30 21:28:00,2094
mon sep 30 21:29:00,2011
mon sep 30 21:30:00,2133
mon sep 30 21:31:00,2068
mon sep 30 21:32:00,2111
mon sep 30 21:33:00,2086
mon sep 30 21:34:00,2086
mon sep 30 21:35:00,2045
mon sep 30 21:36:00,2090
mon sep 30 21:37:00,2112
mon sep 30 21:38:00,2019
mon sep 30 21:39:00,2084
mon sep 30 21:40:00,2013
mon sep 30 21:41:00,2082
mon sep 30 21:42:00,1993
mon sep 30 21:43:00,2051
mon sep 30 21:44:00,2057
mon sep 30 21:45:00,2088
mon sep 30 21:46:00,2105
mon sep 30 21:47:00,2057
mon sep 30 21:48:00,1956
mon sep 30 21:49:00,2097
mon sep 30 21:50:00,2062
mon sep 30 21:51:00,2032
mon sep 30 21:52:00,1992
mon sep 30 21:53:00,2060
mon sep 30 21:54:00,2081
mon sep 30 21:55:00,2101
mon sep 30 21:56:00,2109
mon sep 30 21:57:00,2066
mon sep 30 21:58:00,2047
mon sep 30 21:59:00,1907
mon sep 30 22:00:00,2282
mon sep 30 22:01:00,1982
mon sep 30 22:02:00,2048
mon sep 30 22:03:00,2067
mon sep 30 22:04:00,2106
mon sep 30 22:05:00,2142
mon sep 30 22:06:00,2114
mon sep 30 22:07:00,2115
mon sep 30 22:08:00,2126
mon sep 30 22:09:00,2053
mon sep 30 22:10:00,2056
mon sep 30 22:11:00,1964
mon sep 30 22:12:00,1976
mon sep 30 22:13:00,2079
mon sep 30 22:14:00,2060
mon sep 30 22:15:00,2100
mon sep 30 22:16:00,2050
mon sep 30 22:17:00,2010
mon sep 30 22:18:00,2016
mon sep 30 22:19:00,2017
mon sep 30 22:20:00,1925
mon sep 30 22:21:00,2071
mon sep 30 22:22:00,2048
mon sep 30 22:23:00,1997
mon sep 30 22:24:00,1988
mon sep 30 22:25:00,2049
mon sep 30 22:26:00,2124
mon sep 30 22:27:00,2016
mon sep 30 22:28:00,2096
mon sep 30 22:29:00,2058
mon sep 30 22:30:00,2076
mon sep 30 22:31:00,2030
mon sep 30 22:32:00,2052
mon sep 30 22:33:00,2112
mon sep 30 22:34:00,1966
mon sep 30 22:35:00,2084
mon sep 30 22:36:00,1979
mon sep 30 22:37:00,2103
mon sep 30 22:38:00,2091
mon sep 30 22:39:00,2104
mon sep 30 22:40:00,2003
mon sep 30 22:41:00,2057
mon sep 30 22:42:00,2226
mon sep 30 22:43:00,2148
mon sep 30 22:44:00,2051
mon sep 30 22:45:00,2021
mon sep 30 22:46:00,2140
mon sep 30 22:47:00,2108
mon sep 30 22:48:00,2057
mon sep 30 22:49:00,2028
mon sep 30 22:50:00,2091
mon sep 30 22:51:00,2097
mon sep 30 22:52:00,2038
mon sep 30 22:53:00,2072
mon sep 30 22:54:00,2145
mon sep 30 22:55:00,2008
mon sep 30 22:56:00,2073
mon sep 30 22:57:00,2101
mon sep 30 22:58:00,2061
mon sep 30 22:59:00,2068
mon sep 30 23:00:00,2303
mon sep 30 23:01:00,2165
mon sep 30 23:02:00,2007
mon sep 30 23:03:00,2071
mon sep 30 23:04:00,2042
mon sep 30 23:05:00,2022
mon sep 30 23:06:00,2066
mon sep 30 23:07:00,2074
mon sep 30 23:08:00,2111
mon sep 30 23:09:00,2029
mon sep 30 23:10:00,2085
mon sep 30 23:11:00,2079
mon sep 30 23:12:00,2116
mon sep 30 23:13:00,2062
mon sep 30 23:14:00,2000
mon sep 30 23:15:00,2058
mon sep 30 23:16:00,2014
mon sep 30 23:17:00,2092
mon sep 30 23:18:00,2015
mon sep 30 23:19:00,2037
mon sep 30 23:20:00,1951
mon sep 30 23:21:00,2032
mon sep 30 23:22:00,1974
mon sep 30 23:23:00,2035
mon sep 30 23:24:00,1954
mon sep 30 23:25:00,2018
mon sep 30 23:26:00,2048
mon sep 30 23:27:00,1971
mon sep 30 23:28:00,2044
mon sep 30 23:29:00,1967
mon sep 30 23:30:00,2058
mon sep 30 23:31:00,1989
mon sep 30 23:32:00,2066
mon sep 30 23:33:00,2078
mon sep 30 23:34:00,1922
mon sep 30 23:35:00,1976
mon sep 30 23:36:00,1984
mon sep 30 23:37:00,2006
mon sep 30 23:38:00,1997
mon sep 30 23:39:00,1951
mon sep 30 23:40:00,1956
mon sep 30 23:41:00,2051
mon sep 30 23:42:00,1975
mon sep 30 23:43:00,1876
mon sep 30 23:44:00,1895
mon sep 30 23:45:00,2045
mon sep 30 23:46:00,1971
mon sep 30 23:47:00,1955
mon sep 30 23:48:00,1875
mon sep 30 23:49:00,1869
mon sep 30 23:50:00,1926
mon sep 30 23:51:00,1922
mon sep 30 23:52:00,2005
mon sep 30 23:53:00,1930
mon sep 30 23:54:00,1975
mon sep 30 23:55:00,1923
mon sep 30 23:56:00,1931
mon sep 30 23:57:00,1893
mon sep 30 23:58:00,1998
mon sep 30 23:59:00,1956
tue oct 01 00:00:00,2072
tue oct 01 00:01:00,1950
tue oct 01 00:02:00,1994
tue oct 01 00:03:00,1966
tue oct 01 00:04:00,1950
tue oct 01 00:05:00,2003
tue oct 01 00:06:00,1976
tue oct 01 00:07:00,1916
tue oct 01 00:08:00,1914
tue oct 01 00:09:00,1991
tue oct 01 00:10:00,2073
tue oct 01 00:11:00,1959
tue oct 01 00:12:00,2066
tue oct 01 00:13:00,1991
tue oct 01 00:14:00,2040
tue oct 01 00:15:00,1985
tue oct 01 00:16:00,1869
tue oct 01 00:17:00,1940
tue oct 01 00:18:00,1939
tue oct 01 00:19:00,1944
tue oct 01 00:20:00,1984
tue oct 01 00:21:00,1972
tue oct 01 00:22:00,1994
tue oct 01 00:23:00,1983
tue oct 01 00:24:00,1997
tue oct 01 00:25:00,1926
tue oct 01 00:26:00,1897
tue oct 01 00:27:00,1923
tue oct 01 00:28:00,1964
tue oct 01 00:29:00,2051
tue oct 01 00:30:00,2091
tue oct 01 00:31:00,2046
tue oct 01 00:32:00,1963
tue oct 01 00:33:00,1951
tue oct 01 00:34:00,1991
tue oct 01 00:35:00,1972
tue oct 01 00:36:00,2017
tue oct 01 00:37:00,1948
tue oct 01 00:38:00,2009
tue oct 01 00:39:00,2047
tue oct 01 00:40:00,1990
tue oct 01 00:41:00,1935
tue oct 01 00:42:00,1949
tue oct 01 00:43:00,2020
tue oct 01 00:44:00,1899
tue oct 01 00:45:00,1968
tue oct 01 00:46:00,1923
tue oct 01 00:47:00,1923
tue oct 01 00:48:00,2032
tue oct 01 00:49:00,2033
tue oct 01 00:50:00,1944
tue oct 01 00:51:00,2030
tue oct 01 00:52:00,2037
tue oct 01 00:53:00,2029
tue oct 01 00:54:00,2006
tue oct 01 00:55:00,2107
tue oct 01 00:56:00,2029
tue oct 01 00:57:00,1914
tue oct 01 00:58:00,2097
tue oct 01 00:59:00,2056
tue oct 01 01:00:00,2218
tue oct 01 01:01:00,2075
tue oct 01 01:02:00,2029
tue oct 01 01:03:00,2089
tue oct 01 01:04:00,1957
tue oct 01 01:05:00,2082
tue oct 01 01:06:00,2111
tue oct 01 01:07:00,2089
tue oct 01 01:08:00,2121
tue oct 01 01:09:00,2045
tue oct 01 01:10:00,2069
tue oct 01 01:11:00,2057
tue oct 01 01:12:00,2055
tue oct 01 01:13:00,2044
tue oct 01 01:14:00,2038
tue oct 01 01:15:00,2004
tue oct 01 01:16:00,2048
tue oct 01 01:17:00,2060
tue oct 01 01:18:00,2002
tue oct 01 01:19:00,2091
tue oct 01 01:20:00,2045
tue oct 01 01:21:00,2038
tue oct 01 01:22:00,2006
tue oct 01 01:23:00,2046
tue oct 01 01:24:00,2072
tue oct 01 01:25:00,2016
tue oct 01 01:26:00,2030
tue oct 01 01:27:00,2001
tue oct 01 01:28:00,2052
tue oct 01 01:29:00,2059
tue oct 01 01:30:00,2102
tue oct 01 01:31:00,2029
tue oct 01 01:32:00,2110
tue oct 01 01:33:00,1975
tue oct 01 01:34:00,2037
tue oct 01 01:35:00,2021
tue oct 01 01:36:00,2038
tue oct 01 01:37:00,2088
tue oct 01 01:38:00,2136
tue oct 01 01:39:00,2054
tue oct 01 01:40:00,2056
tue oct 01 01:41:00,2193
tue oct 01 01:42:00,1983
tue oct 01 01:43:00,2098
tue oct 01 01:44:00,1982
tue oct 01 01:45:00,2096
tue oct 01 01:46:00,2093
tue oct 01 01:47:00,2167
tue oct 01 01:48:00,2148
tue oct 01 01:49:00,2119
tue oct 01 01:50:00,2128
tue oct 01 01:51:00,2086
tue oct 01 01:52:00,2083
tue oct 01 01:53:00,2109
tue oct 01 01:54:00,2044
tue oct 01 01:55:00,2074
tue oct 01 01:56:00,2029
tue oct 01 01:57:00,2057
tue oct 01 01:58:00,1992
tue oct 01 01:59:00,2080
tue oct 01 02:00:00,2284
tue oct 01 02:01:00,2032
tue oct 01 02:02:00,2092
tue oct 01 02:03:00,2018
tue oct 01 02:04:00,2090
tue oct 01 02:05:00,2122
tue oct 01 02:06:00,2063
tue oct 01 02:07:00,2119
tue oct 01 02:08:00,2053
tue oct 01 02:09:00,2116
tue oct 01 02:10:00,2119
tue oct 01 02:11:00,2063
tue oct 01 02:12:00,2153
tue oct 01 02:13:00,2110
tue oct 01 02:14:00,2198
tue oct 01 02:15:00,2147
tue oct 01 02:16:00,2083
tue oct 01 02:17:00,2076
tue oct 01 02:18:00,2050
tue oct 01 02:19:00,2166
tue oct 01 02:20:00,2090
tue oct 01 02:21:00,2029
tue oct 01 02:22:00,2127
tue oct 01 02:23:00,2065
tue oct 01 02:24:00,1995
tue oct 01 02:25:00,2158
tue oct 01 02:26:00,2099
tue oct 01 02:27:00,2067
tue oct 01 02:28:00,2104
tue oct 01 02:29:00,2114
tue oct 01 02:30:00,2181
tue oct 01 02:31:00,2061
tue oct 01 02:32:00,2126
tue oct 01 02:33:00,2214
tue oct 01 02:34:00,2060
tue oct 01 02:35:00,2132
tue oct 01 02:36:00,2116
tue oct 01 02:37:00,2004
tue oct 01 02:38:00,2067
tue oct 01 02:39:00,2079
tue oct 01 02:40:00,2107
tue oct 01 02:41:00,2066
tue oct 01 02:42:00,2012
tue oct 01 02:43:00,2138
tue oct 01 02:44:00,2040
tue oct 01 02:45:00,2082
tue oct 01 02:46:00,2052
tue oct 01 02:47:00,2095
tue oct 01 02:48:00,2001
tue oct 01 02:49:00,2046
tue oct 01 02:50:00,2026
tue oct 01 02:51:00,1980
tue oct 01 02:52:00,1942
tue oct 01 02:53:00,2078
tue oct 01 02:54:00,2002
tue oct 01 02:55:00,2043
tue oct 01 02:56:00,2019
tue oct 01 02:57:00,2050
tue oct 01 02:58:00,2076
tue oct 01 02:59:00,2045
tue oct 01 03:00:00,2314
tue oct 01 03:01:00,2280
tue oct 01 03:02:00,2206
tue oct 01 03:03:00,2079
tue oct 01 03:04:00,2134
tue oct 01 03:05:00,2174
tue oct 01 03:06:00,2132
tue oct 01 03:07:00,2133
tue oct 01 03:08:00,2323
tue oct 01 03:09:00,2187
tue oct 01 03:10:00,2280
tue oct 01 03:11:00,2217
tue oct 01 03:12:00,2191
tue oct 01 03:13:00,2185
tue oct 01 03:14:00,2155
tue oct 01 03:15:00,2144
tue oct 01 03:16:00,2157
tue oct 01 03:17:00,2148
tue oct 01 03:18:00,2161
tue oct 01 03:19:00,2192
tue oct 01 03:20:00,2094
tue oct 01 03:21:00,2193
tue oct 01 03:22:00,2111
tue oct 01 03:23:00,2150
tue oct 01 03:24:00,2099
tue oct 01 03:25:00,2214
tue oct 01 03:26:00,2129
tue oct 01 03:27:00,2061
tue oct 01 03:28:00,2063
tue oct 01 03:29:00,2150
tue oct 01 03:30:00,2217
tue oct 01 03:31:00,2115
tue oct 01 03:32:00,2126
tue oct 01 03:33:00,2041
tue oct 01 03:34:00,1981
tue oct 01 03:35:00,2130
tue oct 01 03:36:00,2023
tue oct 01 03:37:00,2088
tue oct 01 03:38:00,2096
tue oct 01 03:39:00,2079
tue oct 01 03:40:00,2119
tue oct 01 03:41:00,2058
tue oct 01 03:42:00,2091
tue oct 01 03:43:00,2053
tue oct 01 03:44:00,2024
tue oct 01 03:45:00,2019
tue oct 01 03:46:00,2030
tue oct 01 03:47:00,2024
tue oct 01 03:48:00,1989
tue oct 01 03:49:00,1977
tue oct 01 03:50:00,2012
tue oct 01 03:51:00,1990
tue oct 01 03:52:00,1983
tue oct 01 03:53:00,2063
tue oct 01 03:54:00,2005
tue oct 01 03:55:00,1967
tue oct 01 03:56:00,2066
tue oct 01 03:57:00,1988
tue oct 01 03:58:00,1918
tue oct 01 03:59:00,1890
tue oct 01 04:00:00,2098
tue oct 01 04:01:00,1965
tue oct 01 04:02:00,1919
tue oct 01 04:03:00,1869
tue oct 01 04:04:00,1981
tue oct 01 04:05:00,1811
tue oct 01 04:06:00,1875
tue oct 01 04:07:00,1913
tue oct 01 04:08:00,1880
tue oct 01 04:09:00,1859
tue oct 01 04:10:00,1908
tue oct 01 04:11:00,1934
tue oct 01 04:12:00,1875
tue oct 01 04:13:00,1838
tue oct 01 04:14:00,1886
tue oct 01 04:15:00,1813
tue oct 01 04:16:00,1762
tue oct 01 04:17:00,1843
tue oct 01 04:18:00,1791
tue oct 01 04:19:00,1811
tue oct 01 04:20:00,1839
tue oct 01 04:21:00,1848
tue oct 01 04:22:00,1809
tue oct 01 04:23:00,1752
tue oct 01 04:24:00,1811
tue oct 01 04:25:00,1750
tue oct 01 04:26:00,1745
tue oct 01 04:27:00,1730
tue oct 01 04:28:00,1732
tue oct 01 04:29:00,1779
tue oct 01 04:30:00,1762
tue oct 01 04:31:00,1772
tue oct 01 04:32:00,1710
tue oct 01 04:33:00,1674
tue oct 01 04:34:00,1709
tue oct 01 04:35:00,1752
tue oct 01 04:36:00,1702
tue oct 01 04:37:00,1653
tue oct 01 04:38:00,1778
tue oct 01 04:39:00,1711
tue oct 01 04:40:00,1710
tue oct 01 04:41:00,1692
tue oct 01 04:42:00,1705
tue oct 01 04:43:00,1712
tue oct 01 04:44:00,1691
tue oct 01 04:45:00,1690
tue oct 01 04:46:00,1652
tue oct 01 04:47:00,1694
tue oct 01 04:48:00,1633
tue oct 01 04:49:00,1668
tue oct 01 04:50:00,1660
tue oct 01 04:51:00,1657
tue oct 01 04:52:00,1656
tue oct 01 04:53:00,1658
tue oct 01 04:54:00,1612
tue oct 01 04:55:00,1605
tue oct 01 04:56:00,1558
tue oct 01 04:57:00,1534
tue oct 01 04:58:00,1671
tue oct 01 04:59:00,1636
tue oct 01 05:00:00,1819
tue oct 01 05:01:00,1637
tue oct 01 05:02:00,1673
tue oct 01 05:03:00,1609
tue oct 01 05:04:00,1663
tue oct 01 05:05:00,1643
tue oct 01 05:06:00,1666
tue oct 01 05:07:00,1650
tue oct 01 05:08:00,1547
tue oct 01 05:09:00,1652
tue oct 01 05:10:00,1614
tue oct 01 05:11:00,1635
tue oct 01 05:12:00,1608
tue oct 01 05:13:00,1607
tue oct 01 05:14:00,1559
tue oct 01 05:15:00,1614
tue oct 01 05:16:00,1566
tue oct 01 05:17:00,1622
tue oct 01 05:18:00,1654
tue oct 01 05:19:00,1597
tue oct 01 05:20:00,1614
tue oct 01 05:21:00,1594
tue oct 01 05:22:00,1583
tue oct 01 05:23:00,1553
tue oct 01 05:24:00,1688
tue oct 01 05:25:00,1614
tue oct 01 05:26:00,1508
tue oct 01 05:27:00,1565
tue oct 01 05:28:00,1576
tue oct 01 05:29:00,1561
tue oct 01 05:30:00,1665
tue oct 01 05:31:00,1563
tue oct 01 05:32:00,1565
tue oct 01 05:33:00,1552
tue oct 01 05:34:00,1443
tue oct 01 05:35:00,1535
tue oct 01 05:36:00,1533
tue oct 01 05:37:00,1538
tue oct 01 05:38:00,1516
tue oct 01 05:39:00,1476
tue oct 01 05:40:00,1507
tue oct 01 05:41:00,1575
tue oct 01 05:42:00,1459
tue oct 01 05:43:00,1503
tue oct 01 05:44:00,1531
tue oct 01 05:45:00,1528
tue oct 01 05:46:00,1548
tue oct 01 05:47:00,1513
tue oct 01 05:48:00,1536
tue oct 01 05:49:00,1464
tue oct 01 05:50:00,1508
tue oct 01 05:51:00,1522
tue oct 01 05:52:00,1517
tue oct 01 05:53:00,1552
tue oct 01 05:54:00,1551
tue oct 01 05:55:00,1580
tue oct 01 05:56:00,1484
tue oct 01 05:57:00,1544
tue oct 01 05:58:00,1555
tue oct 01 05:59:00,1507
